{"cameraMode":{"drawMode":0,"name":"Shaded","section":"Shading Mode"},"sceneLighting":true,"audioPlay":false,"sceneViewState":{"m_AlwaysRefresh":false,"showFog":true,"showSkybox":true,"showFlares":true,"showImageEffects":true,"showParticleSystems":true,"showVisualEffectGraphs":true,"m_FxEnabled":false},"in2DMode":false,"pivot":{"x":0.05389478802680969,"y":-0.06373471021652222,"z":0.6067981719970703},"rotation":{"x":-0.275446355342865,"y":0.3879969120025635,"z":-0.12271168828010559,"w":-0.8709440231323242},"size":1.3737825155258179,"orthographic":false}