{"cameraMode":{"drawMode":0,"name":"Shaded","section":"Shading Mode"},"sceneLighting":false,"audioPlay":false,"sceneViewState":{"m_AlwaysRefresh":false,"showFog":true,"showSkybox":false,"showFlares":true,"showImageEffects":true,"showParticleSystems":true,"showVisualEffectGraphs":true,"m_FxEnabled":false},"in2DMode":false,"pivot":{"x":-0.14399999380111695,"y":0.9297999739646912,"z":1.2339999675750733},"rotation":{"x":-0.013131815008819104,"y":0.9625278115272522,"z":-0.2667083740234375,"w":-0.047393832355737689},"size":0.008660245686769486,"orthographic":false}